DROP TABLE IF EXISTS sales;
CREATE TABLE sales (
	customer_id VARCHAR(1),
	order_date DATE,
	product_id INT
);
INSERT INTO sales
VALUES
	('A', '2024-01-03', '2'),
	('A', '2024-01-03', '3'),
	('A', '2024-01-07', '2'),
	('A', '2024-01-07', '5'),
	('A', '2024-01-08', '1'),
	('A', '2024-01-11', '1'),
	('A', '2024-01-19', '3'),
	('A', '2024-01-24', '5'),
	('A', '2024-01-25', '3'),
	('A', '2024-01-26', '5'),
	('A', '2024-01-27', '3'),
	('A', '2024-02-01', '1'),
	('A', '2024-02-07', '1'),
	('A', '2024-02-10', '5'),
	('A', '2024-02-12', '1'),
	('A', '2024-02-12', '3'),
	('A', '2024-02-17', '4'),
	('A', '2024-02-19', '5'),
	('A', '2024-02-24', '3'),
	('A', '2024-02-26', '3'),
	('A', '2024-02-27', '1'),
	('A', '2024-02-27', '5'),
	('A', '2024-02-29', '4'),
	('A', '2024-03-01', '3'),
	('A', '2024-03-03', '5'),
	('A', '2024-03-04', '3'),
	('A', '2024-03-08', '2'),
	('A', '2024-03-08', '3'),
	('A', '2024-03-10', '5'),
	('A', '2024-03-12', '2'),
	('A', '2024-03-18', '1'),
	('A', '2024-03-20', '3'),
	('A', '2024-03-22', '5'),
	('A', '2024-03-23', '5'),
	('A', '2024-03-29', '2'),
	('A', '2024-04-02', '2'),
	('A', '2024-04-02', '2'),
	('A', '2024-04-06', '2'),
	('A', '2024-04-06', '2'),
	('A', '2024-04-10', '1'),
	('A', '2024-04-11', '4'),
	('A', '2024-04-12', '4'),
	('A', '2024-04-15', '4'),
	('A', '2024-04-19', '5'),
	('A', '2024-04-22', '1'),
	('A', '2024-04-30', '4'),
	('A', '2024-05-01', '5'),
	('A', '2024-05-02', '3'),
	('A', '2024-05-02', '4'),
	('A', '2024-05-04', '2'),
	('A', '2024-05-04', '5'),
	('A', '2024-05-05', '1'),
	('A', '2024-05-05', '3'),
	('A', '2024-05-27', '4'),
	('A', '2024-06-05', '1'),
	('A', '2024-06-06', '5'),
	('A', '2024-06-07', '1'),
	('A', '2024-06-07', '4'),
	('A', '2024-06-09', '3'),
	('A', '2024-06-11', '4'),
	('A', '2024-06-29', '3'),
	('A', '2024-07-01', '1'),
	('A', '2024-07-05', '5'),
	('A', '2024-07-12', '5'),
	('A', '2024-07-12', '5'),
	('A', '2024-07-17', '1'),
	('A', '2024-07-20', '4'),
	('A', '2024-07-29', '2'),
	('A', '2024-08-05', '1'),
	('A', '2024-08-09', '4'),
	('A', '2024-08-10', '2'),
	('A', '2024-08-17', '5'),
	('A', '2024-08-18', '1'),
	('A', '2024-08-18', '4'),
	('A', '2024-08-24', '4'),
	('A', '2024-08-28', '1'),
	('A', '2024-08-30', '2'),
	('A', '2024-09-04', '1'),
	('A', '2024-09-05', '2'),
	('A', '2024-09-10', '2'),
	('A', '2024-09-11', '4'),
	('A', '2024-09-14', '1'),
	('A', '2024-09-24', '2'),
	('A', '2024-09-24', '5'),
	('A', '2024-09-27', '1'),
	('A', '2024-10-03', '1'),
	('A', '2024-10-05', '2'),
	('A', '2024-10-14', '4'),
	('A', '2024-10-17', '2'),
	('A', '2024-10-24', '2'),
	('A', '2024-10-25', '5'),
	('A', '2024-10-30', '4'),
	('A', '2024-10-30', '4'),
	('A', '2024-11-02', '2'),
	('A', '2024-11-02', '2'),
	('A', '2024-11-06', '2'),
	('A', '2024-11-07', '4'),
	('A', '2024-11-15', '2'),
	('A', '2024-11-25', '4'),
	('A', '2024-11-26', '3'),
	('A', '2024-11-30', '2'),
	('A', '2024-12-04', '1'),
	('B', '2024-01-03', '4'),
	('B', '2024-01-06', '3'),
	('B', '2024-01-09', '1'),
	('B', '2024-01-10', '3'),
	('B', '2024-01-11', '1'),
	('B', '2024-01-11', '4'),
	('B', '2024-01-12', '1'),
	('B', '2024-01-14', '1'),
	('B', '2024-01-16', '4'),
	('B', '2024-01-19', '4'),
	('B', '2024-01-24', '5'),
	('B', '2024-01-27', '1'),
	('B', '2024-01-29', '3'),
	('B', '2024-01-30', '1'),
	('B', '2024-02-01', '3'),
	('B', '2024-02-08', '2'),
	('B', '2024-02-08', '4'),
	('B', '2024-02-10', '1'),
	('B', '2024-02-10', '2'),
	('B', '2024-02-17', '5'),
	('B', '2024-02-20', '3'),
	('B', '2024-02-24', '3'),
	('B', '2024-03-02', '3'),
	('B', '2024-03-04', '2'),
	('B', '2024-03-04', '3'),
	('B', '2024-03-07', '5'),
	('B', '2024-03-12', '5'),
	('B', '2024-03-16', '3'),
	('B', '2024-03-21', '2'),
	('B', '2024-03-26', '2'),
	('B', '2024-04-03', '2'),
	('B', '2024-04-03', '4'),
	('B', '2024-04-18', '1'),
	('B', '2024-04-23', '5'),
	('B', '2024-04-24', '2'),
	('B', '2024-05-03', '5'),
	('B', '2024-05-06', '1'),
	('B', '2024-05-06', '4'),
	('B', '2024-05-11', '3'),
	('B', '2024-05-12', '1'),
	('B', '2024-05-14', '4'),
	('B', '2024-05-17', '1'),
	('B', '2024-06-03', '4'),
	('B', '2024-06-09', '3'),
	('B', '2024-06-15', '5'),
	('B', '2024-06-16', '1'),
	('B', '2024-06-17', '5'),
	('B', '2024-06-23', '1'),
	('B', '2024-06-23', '2'),
	('B', '2024-06-24', '5'),
	('B', '2024-06-26', '4'),
	('B', '2024-06-30', '4'),
	('B', '2024-07-05', '1'),
	('B', '2024-07-06', '5'),
	('B', '2024-07-09', '3'),
	('B', '2024-07-09', '4'),
	('B', '2024-07-10', '1'),
	('B', '2024-07-11', '2'),
	('B', '2024-07-16', '2'),
	('B', '2024-07-16', '3'),
	('B', '2024-07-19', '5'),
	('B', '2024-07-23', '5'),
	('B', '2024-07-26', '5'),
	('B', '2024-07-31', '4'),
	('B', '2024-07-31', '5'),
	('B', '2024-08-03', '1'),
	('B', '2024-08-06', '1'),
	('B', '2024-08-06', '3'),
	('B', '2024-08-10', '5'),
	('B', '2024-08-13', '4'),
	('B', '2024-08-22', '3'),
	('B', '2024-08-30', '2'),
	('B', '2024-08-31', '2'),
	('B', '2024-08-31', '5'),
	('B', '2024-09-02', '2'),
	('B', '2024-09-02', '2'),
	('B', '2024-09-02', '5'),
	('B', '2024-09-03', '2'),
	('B', '2024-09-05', '2'),
	('B', '2024-09-05', '4'),
	('B', '2024-09-05', '5'),
	('B', '2024-09-11', '2'),
	('B', '2024-09-14', '2'),
	('B', '2024-09-17', '5'),
	('B', '2024-09-22', '2'),
	('B', '2024-09-23', '3'),
	('B', '2024-09-23', '3'),
	('B', '2024-09-25', '1'),
	('B', '2024-09-25', '4'),
	('B', '2024-09-26', '3'),
	('B', '2024-10-10', '2'),
	('B', '2024-10-12', '2'),
	('B', '2024-10-15', '4'),
	('B', '2024-10-23', '1'),
	('B', '2024-10-24', '5'),
	('B', '2024-10-29', '5'),
	('B', '2024-11-02', '5'),
	('B', '2024-11-06', '2'),
	('B', '2024-11-06', '4'),
	('B', '2024-11-08', '3'),
	('B', '2024-11-13', '2'),
	('B', '2024-11-15', '5'),
	('B', '2024-11-17', '3'),
	('B', '2024-11-18', '3'),
	('B', '2024-11-22', '3'),
	('B', '2024-11-27', '3'),
	('B', '2024-11-30', '2'),
	('B', '2024-11-30', '2'),
	('B', '2024-12-01', '3'),
	('C', '2024-01-04', '5'),
	('C', '2024-01-05', '1'),
	('C', '2024-01-18', '1'),
	('C', '2024-01-21', '1'),
	('C', '2024-01-24', '2'),
	('C', '2024-01-25', '1'),
	('C', '2024-01-26', '5'),
	('C', '2024-01-29', '1'),
	('C', '2024-02-02', '3'),
	('C', '2024-02-03', '2'),
	('C', '2024-02-03', '4'),
	('C', '2024-02-03', '5'),
	('C', '2024-02-11', '2'),
	('C', '2024-02-12', '4'),
	('C', '2024-02-13', '2'),
	('C', '2024-02-14', '1'),
	('C', '2024-02-16', '1'),
	('C', '2024-03-04', '4'),
	('C', '2024-03-04', '5'),
	('C', '2024-03-07', '3'),
	('C', '2024-03-10', '4'),
	('C', '2024-03-11', '2'),
	('C', '2024-03-11', '4'),
	('C', '2024-03-13', '5'),
	('C', '2024-03-17', '3'),
	('C', '2024-03-24', '2'),
	('C', '2024-03-27', '3'),
	('C', '2024-04-01', '1'),
	('C', '2024-04-02', '3'),
	('C', '2024-04-05', '1'),
	('C', '2024-04-09', '4'),
	('C', '2024-04-16', '3'),
	('C', '2024-04-18', '1'),
	('C', '2024-04-19', '5'),
	('C', '2024-04-22', '4'),
	('C', '2024-04-24', '2'),
	('C', '2024-05-02', '4'),
	('C', '2024-05-03', '5'),
	('C', '2024-05-10', '5'),
	('C', '2024-05-26', '1'),
	('C', '2024-05-27', '5'),
	('C', '2024-05-28', '2'),
	('C', '2024-06-02', '5'),
	('C', '2024-06-06', '2'),
	('C', '2024-06-06', '3'),
	('C', '2024-06-08', '4'),
	('C', '2024-06-09', '2'),
	('C', '2024-06-11', '5'),
	('C', '2024-06-12', '3'),
	('C', '2024-06-13', '3'),
	('C', '2024-06-13', '4'),
	('C', '2024-06-19', '2'),
	('C', '2024-06-20', '5'),
	('C', '2024-06-21', '5'),
	('C', '2024-06-23', '3'),
	('C', '2024-06-25', '1'),
	('C', '2024-07-05', '4'),
	('C', '2024-07-07', '2'),
	('C', '2024-07-08', '3'),
	('C', '2024-07-09', '2'),
	('C', '2024-07-10', '5'),
	('C', '2024-07-13', '2'),
	('C', '2024-07-16', '5'),
	('C', '2024-07-17', '1'),
	('C', '2024-07-21', '4'),
	('C', '2024-07-23', '1'),
	('C', '2024-07-26', '1'),
	('C', '2024-07-28', '3'),
	('C', '2024-08-01', '3'),
	('C', '2024-08-08', '1'),
	('C', '2024-08-09', '4'),
	('C', '2024-08-11', '2'),
	('C', '2024-08-21', '3'),
	('C', '2024-08-22', '3'),
	('C', '2024-08-30', '2'),
	('C', '2024-09-09', '4'),
	('C', '2024-09-12', '4'),
	('C', '2024-09-27', '1'),
	('C', '2024-09-27', '2'),
	('C', '2024-09-27', '4'),
	('C', '2024-09-28', '4'),
	('C', '2024-10-02', '4'),
	('C', '2024-10-11', '3'),
	('C', '2024-10-14', '3'),
	('C', '2024-10-14', '4'),
	('C', '2024-10-21', '5'),
	('C', '2024-10-29', '3'),
	('C', '2024-11-01', '5'),
	('C', '2024-11-06', '3'),
	('C', '2024-11-06', '5'),
	('C', '2024-11-17', '4'),
	('C', '2024-11-21', '3'),
	('C', '2024-11-25', '5'),
	('C', '2024-11-27', '1'),
	('C', '2024-11-29', '2'),
	('D', '2024-01-06', '4'),
	('D', '2024-01-09', '1'),
	('D', '2024-01-09', '2'),
	('D', '2024-01-13', '3'),
	('D', '2024-01-19', '2'),
	('D', '2024-01-20', '2'),
	('D', '2024-01-21', '2'),
	('D', '2024-01-30', '3'),
	('D', '2024-02-03', '1'),
	('D', '2024-02-04', '2'),
	('D', '2024-02-04', '2'),
	('D', '2024-02-06', '3'),
	('D', '2024-02-13', '2'),
	('D', '2024-02-15', '3'),
	('D', '2024-02-16', '3'),
	('D', '2024-02-21', '1'),
	('D', '2024-02-23', '3'),
	('D', '2024-02-26', '1'),
	('D', '2024-02-27', '5'),
	('D', '2024-03-02', '5'),
	('D', '2024-03-06', '4'),
	('D', '2024-03-08', '1'),
	('D', '2024-03-19', '3'),
	('D', '2024-03-22', '4'),
	('D', '2024-03-28', '5'),
	('D', '2024-03-30', '1'),
	('D', '2024-04-03', '2'),
	('D', '2024-04-05', '1'),
	('D', '2024-04-05', '5'),
	('D', '2024-04-06', '4'),
	('D', '2024-04-09', '4'),
	('D', '2024-04-11', '1'),
	('D', '2024-04-15', '1'),
	('D', '2024-04-21', '5'),
	('D', '2024-04-25', '5'),
	('D', '2024-04-26', '1'),
	('D', '2024-04-26', '2'),
	('D', '2024-04-26', '4'),
	('D', '2024-04-30', '4'),
	('D', '2024-05-02', '1'),
	('D', '2024-05-06', '4'),
	('D', '2024-05-07', '5'),
	('D', '2024-05-08', '5'),
	('D', '2024-05-19', '2'),
	('D', '2024-05-21', '1'),
	('D', '2024-05-21', '4'),
	('D', '2024-05-21', '5'),
	('D', '2024-05-24', '4'),
	('D', '2024-05-25', '2'),
	('D', '2024-05-28', '4'),
	('D', '2024-05-29', '3'),
	('D', '2024-06-01', '1'),
	('D', '2024-06-02', '1'),
	('D', '2024-06-03', '4'),
	('D', '2024-06-06', '4'),
	('D', '2024-06-07', '1'),
	('D', '2024-06-10', '4'),
	('D', '2024-06-10', '5'),
	('D', '2024-06-10', '5'),
	('D', '2024-06-14', '4'),
	('D', '2024-06-16', '2'),
	('D', '2024-06-16', '4'),
	('D', '2024-06-17', '3'),
	('D', '2024-06-19', '1'),
	('D', '2024-06-19', '2'),
	('D', '2024-06-22', '4'),
	('D', '2024-06-23', '2'),
	('D', '2024-06-27', '3'),
	('D', '2024-06-29', '3'),
	('D', '2024-07-01', '4'),
	('D', '2024-07-02', '2'),
	('D', '2024-07-09', '3'),
	('D', '2024-07-13', '1'),
	('D', '2024-07-13', '1'),
	('D', '2024-07-16', '2'),
	('D', '2024-07-16', '5'),
	('D', '2024-07-18', '1'),
	('D', '2024-07-18', '1'),
	('D', '2024-07-18', '5'),
	('D', '2024-07-20', '2'),
	('D', '2024-07-23', '2'),
	('D', '2024-07-30', '2'),
	('D', '2024-07-31', '1'),
	('D', '2024-08-03', '3'),
	('D', '2024-08-05', '3'),
	('D', '2024-08-14', '2'),
	('D', '2024-08-15', '2'),
	('D', '2024-08-18', '3'),
	('D', '2024-08-19', '5'),
	('D', '2024-08-21', '5'),
	('D', '2024-08-23', '1'),
	('D', '2024-08-23', '2'),
	('D', '2024-08-25', '1'),
	('D', '2024-09-06', '2'),
	('D', '2024-09-12', '5'),
	('D', '2024-09-15', '3'),
	('D', '2024-09-17', '1'),
	('D', '2024-10-01', '3'),
	('D', '2024-10-08', '3'),
	('D', '2024-10-10', '2'),
	('D', '2024-10-10', '2'),
	('D', '2024-10-13', '5'),
	('D', '2024-10-14', '2'),
	('D', '2024-10-17', '4'),
	('D', '2024-10-19', '4'),
	('D', '2024-10-20', '4'),
	('D', '2024-10-27', '3'),
	('D', '2024-10-28', '1'),
	('D', '2024-11-05', '2'),
	('D', '2024-11-05', '3'),
	('D', '2024-11-08', '1'),
	('D', '2024-11-10', '3'),
	('D', '2024-11-12', '4'),
	('D', '2024-11-13', '3'),
	('D', '2024-11-19', '3'),
	('D', '2024-11-29', '4'),
	('D', '2024-11-30', '5'),
	('D', '2024-12-05', '1'),
	('D', '2024-12-06', '2'),
	('E', '2024-01-01', '5'),
	('E', '2024-01-17', '5'),
	('E', '2024-01-20', '2'),
	('E', '2024-01-20', '2'),
	('E', '2024-01-20', '2'),
	('E', '2024-01-27', '1'),
	('E', '2024-01-29', '3'),
	('E', '2024-01-31', '5'),
	('E', '2024-02-10', '4'),
	('E', '2024-02-17', '1'),
	('E', '2024-02-18', '2'),
	('E', '2024-02-20', '1'),
	('E', '2024-02-21', '5'),
	('E', '2024-02-22', '4'),
	('E', '2024-02-24', '4'),
	('E', '2024-02-28', '2'),
	('E', '2024-03-05', '5'),
	('E', '2024-03-10', '2'),
	('E', '2024-03-12', '4'),
	('E', '2024-03-15', '4'),
	('E', '2024-03-17', '2'),
	('E', '2024-03-27', '2'),
	('E', '2024-03-29', '5'),
	('E', '2024-03-30', '2'),
	('E', '2024-04-07', '1'),
	('E', '2024-04-17', '1'),
	('E', '2024-04-18', '1'),
	('E', '2024-04-25', '3'),
	('E', '2024-04-26', '5'),
	('E', '2024-05-08', '1'),
	('E', '2024-05-11', '2'),
	('E', '2024-05-14', '5'),
	('E', '2024-05-15', '2'),
	('E', '2024-05-31', '5'),
	('E', '2024-06-06', '3'),
	('E', '2024-06-07', '1'),
	('E', '2024-06-08', '1'),
	('E', '2024-06-09', '1'),
	('E', '2024-06-13', '3'),
	('E', '2024-06-14', '2'),
	('E', '2024-06-14', '5'),
	('E', '2024-06-14', '5'),
	('E', '2024-06-19', '5'),
	('E', '2024-06-21', '3'),
	('E', '2024-06-21', '3'),
	('E', '2024-06-21', '5'),
	('E', '2024-07-01', '5'),
	('E', '2024-07-02', '1'),
	('E', '2024-07-12', '2'),
	('E', '2024-07-16', '3'),
	('E', '2024-07-17', '5'),
	('E', '2024-07-27', '2'),
	('E', '2024-07-28', '2'),
	('E', '2024-07-31', '1'),
	('E', '2024-08-02', '4'),
	('E', '2024-08-08', '3'),
	('E', '2024-08-09', '2'),
	('E', '2024-08-13', '4'),
	('E', '2024-08-16', '1'),
	('E', '2024-08-16', '2'),
	('E', '2024-08-16', '3'),
	('E', '2024-08-17', '1'),
	('E', '2024-08-21', '1'),
	('E', '2024-08-21', '2'),
	('E', '2024-08-24', '2'),
	('E', '2024-08-30', '3'),
	('E', '2024-09-12', '1'),
	('E', '2024-09-16', '3'),
	('E', '2024-09-20', '2'),
	('E', '2024-09-22', '2'),
	('E', '2024-09-23', '5'),
	('E', '2024-09-25', '3'),
	('E', '2024-10-03', '1'),
	('E', '2024-10-04', '4'),
	('E', '2024-10-05', '2'),
	('E', '2024-10-07', '3'),
	('E', '2024-10-12', '1'),
	('E', '2024-10-15', '4'),
	('E', '2024-10-18', '4'),
	('E', '2024-10-19', '4'),
	('E', '2024-10-28', '2'),
	('E', '2024-11-05', '3'),
	('E', '2024-11-06', '5'),
	('E', '2024-11-08', '5'),
	('E', '2024-11-11', '4'),
	('E', '2024-11-12', '1'),
	('E', '2024-11-12', '5'),
	('E', '2024-11-13', '5'),
	('E', '2024-11-25', '4'),
	('E', '2024-12-01', '2'),
	('E', '2024-12-03', '5'),
	('E', '2024-12-04', '5'),
	('E', '2024-12-06', '1'),
	('E', '2024-12-07', '3'),
	('E', '2024-12-07', '3'),
	('F', '2024-01-02', '4'),
	('F', '2024-01-03', '1'),
	('F', '2024-01-03', '2'),
	('F', '2024-01-06', '2'),
	('F', '2024-01-07', '5'),
	('F', '2024-01-22', '4'),
	('F', '2024-02-02', '3'),
	('F', '2024-02-02', '4'),
	('F', '2024-02-06', '2'),
	('F', '2024-02-07', '1'),
	('F', '2024-02-18', '2'),
	('F', '2024-02-18', '5'),
	('F', '2024-02-20', '5'),
	('F', '2024-02-22', '5'),
	('F', '2024-02-29', '1'),
	('F', '2024-03-03', '3'),
	('F', '2024-03-09', '3'),
	('F', '2024-03-09', '4'),
	('F', '2024-03-10', '3'),
	('F', '2024-03-13', '5'),
	('F', '2024-03-14', '5'),
	('F', '2024-03-27', '2'),
	('F', '2024-03-28', '2'),
	('F', '2024-04-01', '1'),
	('F', '2024-04-07', '4'),
	('F', '2024-04-07', '4'),
	('F', '2024-04-08', '4'),
	('F', '2024-04-22', '1'),
	('F', '2024-04-27', '3'),
	('F', '2024-04-30', '3'),
	('F', '2024-05-01', '1'),
	('F', '2024-05-01', '2'),
	('F', '2024-05-01', '5'),
	('F', '2024-05-03', '3'),
	('F', '2024-05-13', '1'),
	('F', '2024-05-13', '5'),
	('F', '2024-05-14', '1'),
	('F', '2024-05-16', '4'),
	('F', '2024-05-19', '5'),
	('F', '2024-05-24', '2'),
	('F', '2024-05-25', '4'),
	('F', '2024-05-27', '3'),
	('F', '2024-05-28', '2'),
	('F', '2024-05-30', '4'),
	('F', '2024-06-02', '4'),
	('F', '2024-06-04', '1'),
	('F', '2024-06-06', '5'),
	('F', '2024-06-08', '2'),
	('F', '2024-06-09', '2'),
	('F', '2024-06-21', '1'),
	('F', '2024-06-22', '1'),
	('F', '2024-06-27', '4'),
	('F', '2024-07-01', '1'),
	('F', '2024-07-01', '2'),
	('F', '2024-07-05', '3'),
	('F', '2024-07-09', '3'),
	('F', '2024-07-14', '2'),
	('F', '2024-07-17', '5'),
	('F', '2024-07-20', '2'),
	('F', '2024-07-22', '2'),
	('F', '2024-07-22', '2'),
	('F', '2024-07-24', '3'),
	('F', '2024-07-27', '4'),
	('F', '2024-07-30', '4'),
	('F', '2024-07-31', '3'),
	('F', '2024-08-01', '2'),
	('F', '2024-08-01', '5'),
	('F', '2024-08-04', '4'),
	('F', '2024-08-05', '3'),
	('F', '2024-08-10', '1'),
	('F', '2024-08-22', '1'),
	('F', '2024-08-25', '5'),
	('F', '2024-09-03', '3'),
	('F', '2024-09-08', '1'),
	('F', '2024-09-12', '1'),
	('F', '2024-09-12', '2'),
	('F', '2024-09-13', '2'),
	('F', '2024-09-22', '1'),
	('F', '2024-09-22', '1'),
	('F', '2024-09-25', '5'),
	('F', '2024-09-27', '1'),
	('F', '2024-09-30', '3'),
	('F', '2024-10-01', '1'),
	('F', '2024-10-01', '3'),
	('F', '2024-10-04', '5'),
	('F', '2024-10-05', '5'),
	('F', '2024-10-09', '3'),
	('F', '2024-10-11', '3'),
	('F', '2024-10-14', '2'),
	('F', '2024-10-14', '2'),
	('F', '2024-10-14', '3'),
	('F', '2024-10-15', '1'),
	('F', '2024-10-16', '3'),
	('F', '2024-10-16', '5'),
	('F', '2024-10-22', '1'),
	('F', '2024-10-23', '4'),
	('F', '2024-10-25', '4'),
	('F', '2024-10-26', '2'),
	('F', '2024-10-28', '5'),
	('F', '2024-10-29', '1'),
	('F', '2024-11-01', '4'),
	('F', '2024-11-05', '4'),
	('F', '2024-11-12', '1'),
	('F', '2024-11-12', '2'),
	('F', '2024-11-15', '4'),
	('F', '2024-12-02', '1'),
	('F', '2024-12-02', '4'),
	('G', '2024-01-04', '1'),
	('G', '2024-01-05', '3'),
	('G', '2024-01-06', '5'),
	('G', '2024-01-08', '2'),
	('G', '2024-01-09', '2'),
	('G', '2024-01-19', '3'),
	('G', '2024-01-23', '1'),
	('G', '2024-01-23', '3'),
	('G', '2024-01-23', '4'),
	('G', '2024-01-25', '1'),
	('G', '2024-01-25', '4'),
	('G', '2024-01-29', '5'),
	('G', '2024-02-01', '3'),
	('G', '2024-02-06', '4'),
	('G', '2024-02-18', '1'),
	('G', '2024-02-20', '2'),
	('G', '2024-03-06', '1'),
	('G', '2024-03-12', '5'),
	('G', '2024-03-22', '5'),
	('G', '2024-04-02', '3'),
	('G', '2024-04-08', '5'),
	('G', '2024-04-12', '4'),
	('G', '2024-04-14', '5'),
	('G', '2024-04-17', '1'),
	('G', '2024-04-17', '1'),
	('G', '2024-04-20', '3'),
	('G', '2024-04-22', '3'),
	('G', '2024-04-28', '3'),
	('G', '2024-04-30', '4'),
	('G', '2024-05-02', '1'),
	('G', '2024-05-05', '1'),
	('G', '2024-05-15', '2'),
	('G', '2024-05-18', '4'),
	('G', '2024-05-24', '2'),
	('G', '2024-05-25', '5'),
	('G', '2024-05-26', '2'),
	('G', '2024-05-28', '2'),
	('G', '2024-05-29', '3'),
	('G', '2024-05-31', '4'),
	('G', '2024-06-06', '4'),
	('G', '2024-06-12', '3'),
	('G', '2024-06-15', '5'),
	('G', '2024-06-16', '1'),
	('G', '2024-06-23', '5'),
	('G', '2024-06-24', '3'),
	('G', '2024-06-28', '5'),
	('G', '2024-07-10', '2'),
	('G', '2024-07-14', '1'),
	('G', '2024-07-15', '1'),
	('G', '2024-07-22', '2'),
	('G', '2024-07-23', '2'),
	('G', '2024-07-24', '1'),
	('G', '2024-07-25', '3'),
	('G', '2024-07-27', '1'),
	('G', '2024-08-11', '4'),
	('G', '2024-08-12', '1'),
	('G', '2024-08-14', '2'),
	('G', '2024-08-14', '4'),
	('G', '2024-08-18', '1'),
	('G', '2024-08-18', '2'),
	('G', '2024-08-21', '1'),
	('G', '2024-09-05', '5'),
	('G', '2024-09-09', '5'),
	('G', '2024-09-12', '5'),
	('G', '2024-09-16', '2'),
	('G', '2024-09-19', '5'),
	('G', '2024-09-21', '5'),
	('G', '2024-09-27', '5'),
	('G', '2024-09-28', '5'),
	('G', '2024-10-05', '4'),
	('G', '2024-10-07', '1'),
	('G', '2024-10-14', '5'),
	('G', '2024-10-20', '4'),
	('G', '2024-10-25', '2'),
	('G', '2024-10-26', '2'),
	('G', '2024-10-26', '3'),
	('G', '2024-11-08', '2'),
	('G', '2024-11-11', '2'),
	('G', '2024-11-12', '4'),
	('G', '2024-11-17', '2'),
	('G', '2024-11-20', '1'),
	('G', '2024-11-23', '2'),
	('G', '2024-11-24', '1'),
	('G', '2024-11-25', '2'),
	('G', '2024-11-28', '1'),
	('G', '2024-11-30', '1'),
	('G', '2024-11-30', '2'),
	('G', '2024-11-30', '4'),
	('G', '2024-11-30', '5'),
	('G', '2024-12-02', '3'),
	('G', '2024-12-04', '5'),
	('G', '2024-12-07', '4'),
	('H', '2024-01-04', '2'),
	('H', '2024-01-07', '3'),
	('H', '2024-01-10', '2'),
	('H', '2024-01-16', '3'),
	('H', '2024-01-16', '4'),
	('H', '2024-01-17', '4'),
	('H', '2024-01-19', '3'),
	('H', '2024-01-20', '1'),
	('H', '2024-01-21', '1'),
	('H', '2024-01-22', '2'),
	('H', '2024-01-22', '4'),
	('H', '2024-01-24', '3'),
	('H', '2024-01-26', '1'),
	('H', '2024-02-05', '1'),
	('H', '2024-02-08', '1'),
	('H', '2024-02-16', '2'),
	('H', '2024-02-17', '1'),
	('H', '2024-02-22', '1'),
	('H', '2024-02-25', '1'),
	('H', '2024-02-26', '1'),
	('H', '2024-02-26', '1'),
	('H', '2024-02-27', '5'),
	('H', '2024-02-27', '5'),
	('H', '2024-02-28', '4'),
	('H', '2024-03-03', '3'),
	('H', '2024-03-04', '5'),
	('H', '2024-03-04', '5'),
	('H', '2024-03-12', '4'),
	('H', '2024-03-13', '3'),
	('H', '2024-03-19', '3'),
	('H', '2024-03-20', '5'),
	('H', '2024-03-21', '2'),
	('H', '2024-03-25', '1'),
	('H', '2024-03-26', '2'),
	('H', '2024-03-27', '4'),
	('H', '2024-03-28', '3'),
	('H', '2024-03-30', '2'),
	('H', '2024-03-30', '4'),
	('H', '2024-04-03', '3'),
	('H', '2024-04-04', '4'),
	('H', '2024-04-05', '3'),
	('H', '2024-04-08', '5'),
	('H', '2024-04-09', '1'),
	('H', '2024-04-20', '4'),
	('H', '2024-04-23', '3'),
	('H', '2024-04-28', '2'),
	('H', '2024-04-28', '5'),
	('H', '2024-04-29', '1'),
	('H', '2024-04-29', '5'),
	('H', '2024-05-02', '3'),
	('H', '2024-05-08', '5'),
	('H', '2024-05-08', '5'),
	('H', '2024-05-09', '4'),
	('H', '2024-05-12', '4'),
	('H', '2024-05-15', '2'),
	('H', '2024-05-16', '1'),
	('H', '2024-05-16', '3'),
	('H', '2024-05-18', '4'),
	('H', '2024-05-19', '5'),
	('H', '2024-05-24', '2'),
	('H', '2024-05-25', '3'),
	('H', '2024-05-25', '5'),
	('H', '2024-05-29', '3'),
	('H', '2024-06-01', '2'),
	('H', '2024-06-02', '5'),
	('H', '2024-06-06', '5'),
	('H', '2024-06-13', '4'),
	('H', '2024-06-14', '2'),
	('H', '2024-06-15', '4'),
	('H', '2024-06-16', '2'),
	('H', '2024-06-21', '2'),
	('H', '2024-06-22', '4'),
	('H', '2024-06-30', '1'),
	('H', '2024-07-01', '4'),
	('H', '2024-07-06', '1'),
	('H', '2024-07-13', '5'),
	('H', '2024-07-14', '1'),
	('H', '2024-07-16', '5'),
	('H', '2024-07-24', '4'),
	('H', '2024-08-02', '1'),
	('H', '2024-08-03', '3'),
	('H', '2024-08-06', '1'),
	('H', '2024-08-10', '5'),
	('H', '2024-08-12', '3'),
	('H', '2024-08-14', '1'),
	('H', '2024-08-23', '2'),
	('H', '2024-08-29', '1'),
	('H', '2024-09-04', '5'),
	('H', '2024-09-05', '5'),
	('H', '2024-09-06', '3'),
	('H', '2024-09-08', '1'),
	('H', '2024-09-09', '1'),
	('H', '2024-09-09', '2'),
	('H', '2024-09-12', '2'),
	('H', '2024-09-12', '5'),
	('H', '2024-09-15', '2'),
	('H', '2024-09-16', '4'),
	('H', '2024-09-17', '4'),
	('H', '2024-09-20', '5'),
	('H', '2024-09-24', '5'),
	('H', '2024-09-26', '3'),
	('H', '2024-09-30', '4'),
	('H', '2024-10-01', '4'),
	('H', '2024-10-02', '1'),
	('H', '2024-10-03', '3'),
	('H', '2024-10-04', '5'),
	('H', '2024-10-05', '4'),
	('H', '2024-10-10', '5'),
	('H', '2024-10-19', '2'),
	('H', '2024-10-25', '1'),
	('H', '2024-10-25', '5'),
	('H', '2024-11-04', '3'),
	('H', '2024-11-05', '2'),
	('H', '2024-11-06', '1'),
	('H', '2024-11-10', '1'),
	('H', '2024-11-13', '5'),
	('H', '2024-11-15', '4'),
	('H', '2024-11-18', '4'),
	('H', '2024-11-22', '5'),
	('H', '2024-11-26', '3'),
	('H', '2024-11-27', '2'),
	('H', '2024-12-01', '2'),
	('H', '2024-12-07', '1'),
	('I', '2024-01-09', '1'),
	('I', '2024-01-11', '3'),
	('I', '2024-01-13', '4'),
	('I', '2024-01-19', '4'),
	('I', '2024-01-25', '4'),
	('I', '2024-01-26', '1'),
	('I', '2024-02-05', '2'),
	('I', '2024-02-05', '5'),
	('I', '2024-02-13', '5'),
	('I', '2024-02-14', '5'),
	('I', '2024-03-01', '3'),
	('I', '2024-03-05', '1'),
	('I', '2024-03-08', '2'),
	('I', '2024-03-11', '4'),
	('I', '2024-03-12', '1'),
	('I', '2024-03-12', '1'),
	('I', '2024-03-13', '5'),
	('I', '2024-03-21', '2'),
	('I', '2024-03-26', '2'),
	('I', '2024-03-28', '4'),
	('I', '2024-03-28', '5'),
	('I', '2024-04-02', '5'),
	('I', '2024-04-03', '4'),
	('I', '2024-04-13', '3'),
	('I', '2024-04-13', '3'),
	('I', '2024-04-14', '3'),
	('I', '2024-04-16', '2'),
	('I', '2024-04-16', '3'),
	('I', '2024-04-18', '1'),
	('I', '2024-04-19', '5'),
	('I', '2024-04-26', '4'),
	('I', '2024-04-30', '4'),
	('I', '2024-05-01', '2'),
	('I', '2024-05-03', '2'),
	('I', '2024-05-04', '1'),
	('I', '2024-05-12', '5'),
	('I', '2024-05-18', '3'),
	('I', '2024-05-26', '3'),
	('I', '2024-06-03', '3'),
	('I', '2024-06-04', '2'),
	('I', '2024-06-09', '3'),
	('I', '2024-06-11', '3'),
	('I', '2024-06-13', '4'),
	('I', '2024-06-15', '2'),
	('I', '2024-06-16', '1'),
	('I', '2024-06-24', '3'),
	('I', '2024-06-28', '2'),
	('I', '2024-07-01', '2'),
	('I', '2024-07-02', '2'),
	('I', '2024-07-05', '3'),
	('I', '2024-07-12', '3'),
	('I', '2024-07-20', '1'),
	('I', '2024-07-23', '5'),
	('I', '2024-07-28', '3'),
	('I', '2024-07-29', '2'),
	('I', '2024-07-30', '3'),
	('I', '2024-08-07', '3'),
	('I', '2024-08-08', '4'),
	('I', '2024-08-12', '2'),
	('I', '2024-08-22', '4'),
	('I', '2024-08-23', '3'),
	('I', '2024-08-28', '1'),
	('I', '2024-09-08', '3'),
	('I', '2024-09-10', '4'),
	('I', '2024-09-17', '4'),
	('I', '2024-09-19', '4'),
	('I', '2024-09-20', '2'),
	('I', '2024-09-21', '1'),
	('I', '2024-09-29', '3'),
	('I', '2024-10-02', '2'),
	('I', '2024-10-03', '3'),
	('I', '2024-10-10', '2'),
	('I', '2024-10-13', '5'),
	('I', '2024-10-16', '1'),
	('I', '2024-10-16', '2'),
	('I', '2024-10-18', '2'),
	('I', '2024-10-21', '5'),
	('I', '2024-10-23', '5'),
	('I', '2024-10-26', '2'),
	('I', '2024-10-28', '4'),
	('I', '2024-10-31', '4'),
	('I', '2024-10-31', '4'),
	('I', '2024-10-31', '5'),
	('I', '2024-11-02', '3'),
	('I', '2024-11-06', '2'),
	('I', '2024-11-18', '1'),
	('I', '2024-11-21', '4'),
	('I', '2024-12-02', '2'),
	('I', '2024-12-02', '5'),
	('I', '2024-12-06', '1'),
	('I', '2024-12-06', '2'),
	('J', '2024-01-03', '2'),
	('J', '2024-01-05', '1'),
	('J', '2024-01-06', '3'),
	('J', '2024-01-09', '1'),
	('J', '2024-01-10', '1'),
	('J', '2024-01-25', '4'),
	('J', '2024-01-26', '1'),
	('J', '2024-01-28', '1'),
	('J', '2024-01-30', '2'),
	('J', '2024-02-06', '2'),
	('J', '2024-02-09', '5'),
	('J', '2024-02-11', '2'),
	('J', '2024-02-11', '5'),
	('J', '2024-02-19', '1'),
	('J', '2024-02-19', '2'),
	('J', '2024-02-26', '4'),
	('J', '2024-02-27', '1'),
	('J', '2024-03-02', '4'),
	('J', '2024-03-06', '3'),
	('J', '2024-03-07', '5'),
	('J', '2024-03-10', '2'),
	('J', '2024-03-11', '5'),
	('J', '2024-03-13', '1'),
	('J', '2024-03-14', '1'),
	('J', '2024-03-14', '4'),
	('J', '2024-03-17', '4'),
	('J', '2024-03-18', '5'),
	('J', '2024-03-24', '4'),
	('J', '2024-03-28', '4'),
	('J', '2024-03-30', '1'),
	('J', '2024-04-03', '3'),
	('J', '2024-04-05', '1'),
	('J', '2024-04-05', '1'),
	('J', '2024-04-12', '4'),
	('J', '2024-04-16', '2'),
	('J', '2024-04-20', '3'),
	('J', '2024-04-24', '3'),
	('J', '2024-04-24', '3'),
	('J', '2024-04-24', '4'),
	('J', '2024-05-03', '3'),
	('J', '2024-05-08', '3'),
	('J', '2024-05-16', '5'),
	('J', '2024-05-18', '4'),
	('J', '2024-05-21', '1'),
	('J', '2024-05-27', '1'),
	('J', '2024-05-28', '5'),
	('J', '2024-06-02', '2'),
	('J', '2024-06-02', '3'),
	('J', '2024-06-05', '2'),
	('J', '2024-06-06', '3'),
	('J', '2024-06-07', '1'),
	('J', '2024-06-08', '5'),
	('J', '2024-06-09', '1'),
	('J', '2024-06-11', '4'),
	('J', '2024-06-14', '3'),
	('J', '2024-06-19', '4'),
	('J', '2024-06-20', '5'),
	('J', '2024-06-24', '3'),
	('J', '2024-06-24', '5'),
	('J', '2024-06-28', '3'),
	('J', '2024-07-01', '3'),
	('J', '2024-07-01', '4'),
	('J', '2024-07-11', '3'),
	('J', '2024-07-17', '2'),
	('J', '2024-07-18', '3'),
	('J', '2024-07-21', '4'),
	('J', '2024-07-25', '3');
INSERT INTO sales
VALUES
	('J', '2024-07-31', '3'),
	('J', '2024-07-31', '4'),
	('J', '2024-08-01', '3'),
	('J', '2024-08-03', '1'),
	('J', '2024-08-03', '1'),
	('J', '2024-08-04', '2'),
	('J', '2024-08-08', '2'),
	('J', '2024-08-13', '1'),
	('J', '2024-08-15', '2'),
	('J', '2024-08-17', '3'),
	('J', '2024-08-19', '4'),
	('J', '2024-08-19', '5'),
	('J', '2024-08-24', '3'),
	('J', '2024-08-25', '3'),
	('J', '2024-08-30', '2'),
	('J', '2024-08-31', '3'),
	('J', '2024-09-01', '1'),
	('J', '2024-09-02', '2'),
	('J', '2024-09-03', '1'),
	('J', '2024-09-03', '2'),
	('J', '2024-09-07', '4'),
	('J', '2024-09-09', '2'),
	('J', '2024-09-13', '2'),
	('J', '2024-09-18', '3'),
	('J', '2024-09-22', '2'),
	('J', '2024-09-25', '2'),
	('J', '2024-09-25', '3'),
	('J', '2024-09-27', '3'),
	('J', '2024-09-27', '4'),
	('J', '2024-09-29', '1'),
	('J', '2024-09-30', '5'),
	('J', '2024-10-02', '1'),
	('J', '2024-10-19', '2'),
	('J', '2024-10-21', '2'),
	('J', '2024-10-23', '3'),
	('J', '2024-10-25', '5'),
	('J', '2024-10-29', '4'),
	('J', '2024-10-31', '2'),
	('J', '2024-11-02', '5'),
	('J', '2024-11-03', '1'),
	('J', '2024-11-04', '5'),
	('J', '2024-11-05', '4'),
	('J', '2024-11-06', '1'),
	('J', '2024-11-06', '2'),
	('J', '2024-11-08', '2'),
	('J', '2024-11-12', '4'),
	('J', '2024-11-15', '5'),
	('J', '2024-11-16', '1'),
	('J', '2024-11-26', '5'),
	('J', '2024-11-28', '1'),
	('J', '2024-11-28', '2'),
	('J', '2024-12-02', '3'),
	('J', '2024-12-05', '5'),
	('K', '2024-01-02', '2'),
	('K', '2024-01-02', '4'),
	('K', '2024-01-05', '3'),
	('K', '2024-01-08', '2'),
	('K', '2024-01-08', '2'),
	('K', '2024-01-08', '3'),
	('K', '2024-01-11', '1'),
	('K', '2024-01-12', '5'),
	('K', '2024-01-18', '4'),
	('K', '2024-01-20', '1'),
	('K', '2024-01-22', '2'),
	('K', '2024-01-28', '5'),
	('K', '2024-01-29', '1'),
	('K', '2024-01-30', '1'),
	('K', '2024-02-04', '1'),
	('K', '2024-02-08', '5'),
	('K', '2024-02-13', '3'),
	('K', '2024-02-21', '5'),
	('K', '2024-02-22', '2'),
	('K', '2024-02-22', '2'),
	('K', '2024-02-27', '4'),
	('K', '2024-03-01', '1'),
	('K', '2024-03-03', '3'),
	('K', '2024-03-03', '5'),
	('K', '2024-03-04', '5'),
	('K', '2024-03-15', '1'),
	('K', '2024-03-16', '5'),
	('K', '2024-03-22', '2'),
	('K', '2024-03-24', '4'),
	('K', '2024-03-25', '5'),
	('K', '2024-03-26', '1'),
	('K', '2024-04-02', '2'),
	('K', '2024-04-02', '4'),
	('K', '2024-04-03', '3'),
	('K', '2024-04-06', '2'),
	('K', '2024-04-07', '5'),
	('K', '2024-04-08', '1'),
	('K', '2024-04-08', '5'),
	('K', '2024-04-13', '3'),
	('K', '2024-04-14', '3'),
	('K', '2024-04-15', '4'),
	('K', '2024-04-16', '2'),
	('K', '2024-05-07', '4'),
	('K', '2024-05-08', '2'),
	('K', '2024-05-09', '4'),
	('K', '2024-05-10', '3'),
	('K', '2024-05-17', '2'),
	('K', '2024-05-17', '3'),
	('K', '2024-05-19', '3'),
	('K', '2024-05-26', '1'),
	('K', '2024-05-26', '3'),
	('K', '2024-05-27', '2'),
	('K', '2024-05-30', '3'),
	('K', '2024-06-04', '5'),
	('K', '2024-06-09', '1'),
	('K', '2024-06-09', '2'),
	('K', '2024-06-10', '2'),
	('K', '2024-06-21', '2'),
	('K', '2024-06-22', '4'),
	('K', '2024-06-22', '4'),
	('K', '2024-06-25', '3'),
	('K', '2024-07-01', '1'),
	('K', '2024-07-01', '1'),
	('K', '2024-07-01', '2'),
	('K', '2024-07-03', '1'),
	('K', '2024-07-07', '3'),
	('K', '2024-07-07', '5'),
	('K', '2024-07-10', '5'),
	('K', '2024-07-14', '2'),
	('K', '2024-07-20', '5'),
	('K', '2024-07-23', '3'),
	('K', '2024-07-25', '2'),
	('K', '2024-07-27', '5'),
	('K', '2024-07-28', '3'),
	('K', '2024-07-28', '3'),
	('K', '2024-08-03', '4'),
	('K', '2024-08-05', '5'),
	('K', '2024-08-07', '2'),
	('K', '2024-08-10', '1'),
	('K', '2024-08-10', '4'),
	('K', '2024-08-11', '1'),
	('K', '2024-08-11', '2'),
	('K', '2024-08-12', '1'),
	('K', '2024-08-12', '3'),
	('K', '2024-08-12', '3'),
	('K', '2024-08-16', '5'),
	('K', '2024-08-21', '4'),
	('K', '2024-08-21', '5'),
	('K', '2024-08-22', '5'),
	('K', '2024-08-27', '5'),
	('K', '2024-08-31', '5'),
	('K', '2024-09-03', '2'),
	('K', '2024-09-03', '3'),
	('K', '2024-09-05', '2'),
	('K', '2024-09-15', '1'),
	('K', '2024-09-15', '5'),
	('K', '2024-09-17', '2'),
	('K', '2024-09-19', '3'),
	('K', '2024-09-20', '4'),
	('K', '2024-09-21', '5'),
	('K', '2024-09-25', '3'),
	('K', '2024-10-01', '1'),
	('K', '2024-10-02', '2'),
	('K', '2024-10-03', '4'),
	('K', '2024-10-16', '5'),
	('K', '2024-10-18', '3'),
	('K', '2024-11-02', '5'),
	('K', '2024-11-04', '1'),
	('K', '2024-11-06', '2'),
	('K', '2024-11-10', '4'),
	('K', '2024-11-11', '5'),
	('K', '2024-11-14', '2'),
	('K', '2024-11-15', '1'),
	('K', '2024-11-27', '1'),
	('K', '2024-11-30', '1'),
	('L', '2024-01-02', '5'),
	('L', '2024-01-03', '2'),
	('L', '2024-01-04', '2'),
	('L', '2024-01-06', '5'),
	('L', '2024-01-08', '1'),
	('L', '2024-01-12', '2'),
	('L', '2024-01-18', '4'),
	('L', '2024-01-20', '2'),
	('L', '2024-01-21', '3'),
	('L', '2024-01-25', '3'),
	('L', '2024-01-26', '3'),
	('L', '2024-01-27', '2'),
	('L', '2024-02-02', '3'),
	('L', '2024-02-02', '5'),
	('L', '2024-02-05', '4'),
	('L', '2024-02-10', '4'),
	('L', '2024-02-16', '4'),
	('L', '2024-02-24', '1'),
	('L', '2024-03-02', '2'),
	('L', '2024-03-05', '5'),
	('L', '2024-03-08', '2'),
	('L', '2024-03-09', '1'),
	('L', '2024-03-18', '2'),
	('L', '2024-03-24', '2'),
	('L', '2024-03-26', '4'),
	('L', '2024-03-26', '5'),
	('L', '2024-03-29', '1'),
	('L', '2024-03-29', '2'),
	('L', '2024-04-01', '4'),
	('L', '2024-04-04', '3'),
	('L', '2024-04-08', '4'),
	('L', '2024-04-15', '2'),
	('L', '2024-04-23', '5'),
	('L', '2024-04-29', '3'),
	('L', '2024-05-05', '3'),
	('L', '2024-05-07', '1'),
	('L', '2024-05-07', '5'),
	('L', '2024-05-08', '1'),
	('L', '2024-05-11', '2'),
	('L', '2024-05-15', '4'),
	('L', '2024-05-16', '4'),
	('L', '2024-05-17', '1'),
	('L', '2024-05-17', '1'),
	('L', '2024-05-18', '2'),
	('L', '2024-05-19', '1'),
	('L', '2024-05-25', '2'),
	('L', '2024-06-02', '4'),
	('L', '2024-06-03', '1'),
	('L', '2024-06-11', '2'),
	('L', '2024-06-12', '5'),
	('L', '2024-06-19', '5'),
	('L', '2024-06-21', '5'),
	('L', '2024-06-23', '3'),
	('L', '2024-06-24', '4'),
	('L', '2024-06-26', '1'),
	('L', '2024-06-29', '2'),
	('L', '2024-06-29', '3'),
	('L', '2024-07-01', '3'),
	('L', '2024-07-02', '3'),
	('L', '2024-07-05', '3'),
	('L', '2024-07-06', '4'),
	('L', '2024-07-09', '2'),
	('L', '2024-07-11', '2'),
	('L', '2024-07-11', '3'),
	('L', '2024-07-12', '4'),
	('L', '2024-07-16', '4'),
	('L', '2024-08-01', '1'),
	('L', '2024-08-05', '5'),
	('L', '2024-08-13', '5'),
	('L', '2024-08-16', '2'),
	('L', '2024-08-17', '3'),
	('L', '2024-08-20', '4'),
	('L', '2024-08-23', '3'),
	('L', '2024-08-27', '2'),
	('L', '2024-08-27', '5'),
	('L', '2024-08-29', '2'),
	('L', '2024-09-01', '4'),
	('L', '2024-09-03', '3'),
	('L', '2024-09-07', '5'),
	('L', '2024-09-09', '4'),
	('L', '2024-09-11', '1'),
	('L', '2024-09-11', '5'),
	('L', '2024-10-03', '5'),
	('L', '2024-10-04', '1'),
	('L', '2024-10-07', '3'),
	('L', '2024-10-09', '4'),
	('L', '2024-10-15', '2'),
	('L', '2024-10-19', '1'),
	('L', '2024-10-27', '4'),
	('L', '2024-11-04', '4'),
	('L', '2024-11-06', '4'),
	('L', '2024-11-22', '4'),
	('L', '2024-11-28', '5'),
	('L', '2024-12-06', '2'),
	('L', '2024-12-07', '3'),
	('M', '2024-01-01', '3'),
	('M', '2024-01-07', '1'),
	('M', '2024-01-08', '3'),
	('M', '2024-01-08', '4'),
	('M', '2024-01-14', '5'),
	('M', '2024-01-15', '5'),
	('M', '2024-01-17', '5'),
	('M', '2024-01-18', '5'),
	('M', '2024-01-20', '2'),
	('M', '2024-01-22', '5'),
	('M', '2024-01-27', '5'),
	('M', '2024-01-28', '2'),
	('M', '2024-02-01', '4'),
	('M', '2024-02-04', '5'),
	('M', '2024-02-06', '2'),
	('M', '2024-02-08', '3'),
	('M', '2024-02-08', '5'),
	('M', '2024-02-09', '2'),
	('M', '2024-02-21', '5'),
	('M', '2024-02-29', '3'),
	('M', '2024-03-06', '3'),
	('M', '2024-03-10', '4'),
	('M', '2024-03-18', '2'),
	('M', '2024-03-19', '2'),
	('M', '2024-03-22', '4'),
	('M', '2024-03-30', '2'),
	('M', '2024-03-30', '4'),
	('M', '2024-04-06', '3'),
	('M', '2024-04-09', '5'),
	('M', '2024-04-13', '4'),
	('M', '2024-04-13', '4'),
	('M', '2024-04-14', '2'),
	('M', '2024-04-14', '4'),
	('M', '2024-04-18', '1'),
	('M', '2024-04-18', '5'),
	('M', '2024-04-19', '5'),
	('M', '2024-04-22', '4'),
	('M', '2024-04-26', '3'),
	('M', '2024-05-02', '3'),
	('M', '2024-05-08', '5'),
	('M', '2024-05-09', '3'),
	('M', '2024-05-14', '3'),
	('M', '2024-05-15', '1'),
	('M', '2024-05-17', '5'),
	('M', '2024-05-23', '1'),
	('M', '2024-05-28', '1'),
	('M', '2024-05-29', '4'),
	('M', '2024-05-29', '5'),
	('M', '2024-05-30', '5'),
	('M', '2024-06-01', '1'),
	('M', '2024-06-02', '2'),
	('M', '2024-06-10', '2'),
	('M', '2024-06-18', '5'),
	('M', '2024-06-23', '3'),
	('M', '2024-06-25', '2'),
	('M', '2024-06-27', '2'),
	('M', '2024-06-29', '3'),
	('M', '2024-07-01', '2'),
	('M', '2024-07-07', '5'),
	('M', '2024-07-11', '2'),
	('M', '2024-07-12', '3'),
	('M', '2024-07-15', '1'),
	('M', '2024-07-18', '3'),
	('M', '2024-07-22', '5'),
	('M', '2024-07-24', '5'),
	('M', '2024-07-29', '4'),
	('M', '2024-08-01', '4'),
	('M', '2024-08-03', '4'),
	('M', '2024-08-07', '2'),
	('M', '2024-08-11', '3'),
	('M', '2024-08-15', '4'),
	('M', '2024-08-16', '4'),
	('M', '2024-08-22', '4'),
	('M', '2024-08-23', '4'),
	('M', '2024-08-31', '5'),
	('M', '2024-09-03', '2'),
	('M', '2024-09-07', '4'),
	('M', '2024-09-10', '5'),
	('M', '2024-09-16', '1'),
	('M', '2024-09-16', '1'),
	('M', '2024-09-17', '1'),
	('M', '2024-09-22', '1'),
	('M', '2024-09-22', '5'),
	('M', '2024-09-25', '3'),
	('M', '2024-09-28', '2'),
	('M', '2024-09-29', '4'),
	('M', '2024-09-30', '1'),
	('M', '2024-10-01', '1'),
	('M', '2024-10-03', '4'),
	('M', '2024-10-07', '5'),
	('M', '2024-10-08', '2'),
	('M', '2024-10-12', '1'),
	('M', '2024-10-22', '3'),
	('M', '2024-10-22', '3'),
	('M', '2024-10-24', '1'),
	('M', '2024-10-24', '4'),
	('M', '2024-11-04', '5'),
	('M', '2024-11-06', '3'),
	('M', '2024-11-15', '1'),
	('M', '2024-11-15', '1'),
	('M', '2024-11-16', '1'),
	('M', '2024-11-16', '5'),
	('M', '2024-11-18', '3'),
	('M', '2024-11-23', '2'),
	('M', '2024-11-25', '1'),
	('M', '2024-11-26', '5'),
	('M', '2024-11-28', '4'),
	('M', '2024-12-01', '2'),
	('O', '2024-01-07', '3'),
	('O', '2024-01-10', '2'),
	('O', '2024-01-15', '2'),
	('O', '2024-01-20', '2'),
	('O', '2024-01-24', '3'),
	('O', '2024-01-26', '2'),
	('O', '2024-01-27', '1'),
	('O', '2024-02-04', '5'),
	('O', '2024-02-06', '1'),
	('O', '2024-02-06', '2'),
	('O', '2024-02-06', '4'),
	('O', '2024-02-07', '5'),
	('O', '2024-02-08', '3'),
	('O', '2024-02-15', '4'),
	('O', '2024-02-15', '4'),
	('O', '2024-02-18', '3'),
	('O', '2024-02-18', '4'),
	('O', '2024-02-22', '1'),
	('O', '2024-02-23', '2'),
	('O', '2024-02-24', '5'),
	('O', '2024-02-25', '5'),
	('O', '2024-02-26', '3'),
	('O', '2024-02-29', '1'),
	('O', '2024-03-07', '3'),
	('O', '2024-03-07', '5'),
	('O', '2024-03-17', '1'),
	('O', '2024-03-21', '1'),
	('O', '2024-03-21', '5'),
	('O', '2024-03-28', '5'),
	('O', '2024-04-02', '4'),
	('O', '2024-04-03', '2'),
	('O', '2024-04-03', '5'),
	('O', '2024-04-07', '4'),
	('O', '2024-04-16', '1'),
	('O', '2024-04-19', '2'),
	('O', '2024-04-21', '4'),
	('O', '2024-04-25', '1'),
	('O', '2024-04-25', '3'),
	('O', '2024-04-26', '1'),
	('O', '2024-05-05', '4'),
	('O', '2024-05-06', '4'),
	('O', '2024-05-08', '5'),
	('O', '2024-05-12', '5'),
	('O', '2024-05-14', '3'),
	('O', '2024-05-17', '1'),
	('O', '2024-05-18', '3'),
	('O', '2024-05-21', '3'),
	('O', '2024-05-26', '2'),
	('O', '2024-06-10', '5'),
	('O', '2024-06-12', '3'),
	('O', '2024-06-16', '5'),
	('O', '2024-06-18', '2'),
	('O', '2024-06-30', '4'),
	('O', '2024-07-05', '2'),
	('O', '2024-07-09', '2'),
	('O', '2024-07-22', '3'),
	('O', '2024-07-22', '5'),
	('O', '2024-07-24', '5'),
	('O', '2024-07-26', '3'),
	('O', '2024-07-28', '1'),
	('O', '2024-07-29', '5'),
	('O', '2024-08-07', '4'),
	('O', '2024-08-13', '2'),
	('O', '2024-08-21', '4'),
	('O', '2024-08-29', '2'),
	('O', '2024-09-01', '5'),
	('O', '2024-09-05', '5'),
	('O', '2024-09-06', '4'),
	('O', '2024-09-09', '1'),
	('O', '2024-09-22', '3'),
	('O', '2024-09-25', '4'),
	('O', '2024-09-28', '2'),
	('O', '2024-10-07', '3'),
	('O', '2024-10-12', '3'),
	('O', '2024-10-18', '5'),
	('O', '2024-10-26', '5'),
	('O', '2024-10-28', '1'),
	('O', '2024-10-28', '2'),
	('O', '2024-10-30', '2'),
	('O', '2024-11-02', '4'),
	('O', '2024-11-10', '5'),
	('O', '2024-11-21', '2'),
	('O', '2024-11-27', '4'),
	('O', '2024-11-29', '2'),
	('O', '2024-11-29', '5'),
	('P', '2024-01-02', '5'),
	('P', '2024-01-06', '2'),
	('P', '2024-01-06', '2'),
	('P', '2024-01-09', '2'),
	('P', '2024-01-14', '1'),
	('P', '2024-01-15', '3'),
	('P', '2024-01-22', '1'),
	('P', '2024-01-25', '5'),
	('P', '2024-01-27', '2'),
	('P', '2024-01-30', '2'),
	('P', '2024-01-30', '3'),
	('P', '2024-01-31', '3'),
	('P', '2024-02-01', '4'),
	('P', '2024-02-03', '4'),
	('P', '2024-02-09', '1'),
	('P', '2024-02-10', '5'),
	('P', '2024-02-22', '2'),
	('P', '2024-02-23', '1'),
	('P', '2024-02-25', '5'),
	('P', '2024-02-28', '5'),
	('P', '2024-03-09', '3'),
	('P', '2024-03-12', '4'),
	('P', '2024-03-19', '1'),
	('P', '2024-03-21', '5'),
	('P', '2024-04-05', '4'),
	('P', '2024-04-05', '4'),
	('P', '2024-04-10', '1'),
	('P', '2024-04-12', '5'),
	('P', '2024-04-17', '3'),
	('P', '2024-04-22', '1'),
	('P', '2024-04-22', '2'),
	('P', '2024-04-25', '1'),
	('P', '2024-04-25', '3'),
	('P', '2024-05-01', '4'),
	('P', '2024-05-05', '4'),
	('P', '2024-05-07', '2'),
	('P', '2024-05-11', '2'),
	('P', '2024-05-16', '5'),
	('P', '2024-05-17', '3'),
	('P', '2024-05-20', '2'),
	('P', '2024-05-20', '3'),
	('P', '2024-05-28', '4'),
	('P', '2024-06-07', '4'),
	('P', '2024-06-09', '4'),
	('P', '2024-06-13', '1'),
	('P', '2024-06-18', '5'),
	('P', '2024-06-23', '2'),
	('P', '2024-07-04', '1'),
	('P', '2024-07-05', '3'),
	('P', '2024-07-06', '2'),
	('P', '2024-07-12', '5'),
	('P', '2024-07-15', '3'),
	('P', '2024-07-18', '2'),
	('P', '2024-07-19', '2'),
	('P', '2024-07-19', '4'),
	('P', '2024-07-20', '3'),
	('P', '2024-07-22', '3'),
	('P', '2024-07-23', '1'),
	('P', '2024-07-23', '3'),
	('P', '2024-08-02', '5'),
	('P', '2024-08-03', '1'),
	('P', '2024-08-04', '3'),
	('P', '2024-08-06', '2'),
	('P', '2024-08-07', '1'),
	('P', '2024-08-07', '4'),
	('P', '2024-08-08', '1'),
	('P', '2024-08-15', '5'),
	('P', '2024-08-16', '5'),
	('P', '2024-08-19', '2'),
	('P', '2024-08-21', '4'),
	('P', '2024-08-21', '5'),
	('P', '2024-08-22', '3'),
	('P', '2024-08-30', '5'),
	('P', '2024-08-31', '2'),
	('P', '2024-09-02', '3'),
	('P', '2024-09-03', '1'),
	('P', '2024-09-07', '1'),
	('P', '2024-09-16', '5'),
	('P', '2024-09-18', '5'),
	('P', '2024-09-29', '1'),
	('P', '2024-10-01', '2'),
	('P', '2024-10-09', '3'),
	('P', '2024-10-11', '5'),
	('P', '2024-10-18', '1'),
	('P', '2024-10-19', '3'),
	('P', '2024-10-22', '3'),
	('P', '2024-10-26', '2'),
	('P', '2024-11-04', '4'),
	('P', '2024-11-04', '5'),
	('P', '2024-11-07', '2'),
	('P', '2024-11-14', '5'),
	('P', '2024-11-17', '4'),
	('P', '2024-11-23', '2'),
	('P', '2024-11-26', '1'),
	('P', '2024-12-01', '4'),
	('P', '2024-12-03', '4'),
	('Q', '2024-01-11', '2'),
	('Q', '2024-01-27', '4'),
	('Q', '2024-02-04', '5'),
	('Q', '2024-02-09', '4'),
	('Q', '2024-02-17', '5'),
	('Q', '2024-02-25', '3'),
	('Q', '2024-02-25', '4'),
	('Q', '2024-03-03', '1'),
	('Q', '2024-03-07', '1'),
	('Q', '2024-03-09', '1'),
	('Q', '2024-03-11', '5'),
	('Q', '2024-03-15', '4'),
	('Q', '2024-03-21', '5'),
	('Q', '2024-04-01', '4'),
	('Q', '2024-04-02', '2'),
	('Q', '2024-04-10', '3'),
	('Q', '2024-04-12', '3'),
	('Q', '2024-04-22', '4'),
	('Q', '2024-05-02', '1'),
	('Q', '2024-05-09', '5'),
	('Q', '2024-05-10', '1'),
	('Q', '2024-06-04', '2'),
	('Q', '2024-06-06', '1'),
	('Q', '2024-06-06', '4'),
	('Q', '2024-06-09', '4'),
	('Q', '2024-06-11', '2'),
	('Q', '2024-06-12', '1'),
	('Q', '2024-06-15', '5'),
	('Q', '2024-06-19', '3'),
	('Q', '2024-06-20', '1'),
	('Q', '2024-06-20', '3'),
	('Q', '2024-06-21', '1'),
	('Q', '2024-06-25', '5'),
	('Q', '2024-06-27', '5'),
	('Q', '2024-07-03', '2'),
	('Q', '2024-07-09', '2'),
	('Q', '2024-07-15', '1'),
	('Q', '2024-07-16', '1'),
	('Q', '2024-07-16', '5'),
	('Q', '2024-07-16', '5'),
	('Q', '2024-07-20', '4'),
	('Q', '2024-07-27', '1'),
	('Q', '2024-08-05', '4'),
	('Q', '2024-08-07', '5'),
	('Q', '2024-08-11', '2'),
	('Q', '2024-08-14', '1'),
	('Q', '2024-08-16', '2'),
	('Q', '2024-08-16', '2'),
	('Q', '2024-08-19', '3'),
	('Q', '2024-08-21', '4'),
	('Q', '2024-08-23', '1'),
	('Q', '2024-08-24', '5'),
	('Q', '2024-08-31', '3'),
	('Q', '2024-09-02', '3'),
	('Q', '2024-09-03', '1'),
	('Q', '2024-09-05', '1'),
	('Q', '2024-09-08', '4'),
	('Q', '2024-09-09', '5'),
	('Q', '2024-09-17', '1'),
	('Q', '2024-09-21', '5'),
	('Q', '2024-10-01', '2'),
	('Q', '2024-10-04', '3'),
	('Q', '2024-10-20', '3'),
	('Q', '2024-10-21', '5'),
	('Q', '2024-10-26', '3'),
	('Q', '2024-11-01', '5'),
	('Q', '2024-11-09', '5'),
	('Q', '2024-11-10', '2'),
	('Q', '2024-11-22', '4'),
	('Q', '2024-11-26', '1'),
	('Q', '2024-11-29', '5'),
	('Q', '2024-12-03', '4'),
	('Q', '2024-12-07', '1'),
	('R', '2024-01-01', '1'),
	('R', '2024-01-05', '2'),
	('R', '2024-01-06', '2'),
	('R', '2024-01-09', '3'),
	('R', '2024-01-09', '3'),
	('R', '2024-01-09', '5'),
	('R', '2024-01-11', '5'),
	('R', '2024-01-19', '2'),
	('R', '2024-01-23', '3'),
	('R', '2024-01-25', '1'),
	('R', '2024-01-29', '4'),
	('R', '2024-02-03', '3'),
	('R', '2024-02-07', '1'),
	('R', '2024-02-11', '4'),
	('R', '2024-02-15', '2'),
	('R', '2024-02-17', '2'),
	('R', '2024-02-17', '5'),
	('R', '2024-02-19', '5'),
	('R', '2024-02-20', '4'),
	('R', '2024-02-22', '5'),
	('R', '2024-02-23', '1'),
	('R', '2024-02-23', '2'),
	('R', '2024-03-01', '4'),
	('R', '2024-03-02', '4'),
	('R', '2024-03-03', '2'),
	('R', '2024-03-03', '4'),
	('R', '2024-03-12', '3'),
	('R', '2024-03-12', '3'),
	('R', '2024-03-18', '2'),
	('R', '2024-03-24', '1'),
	('R', '2024-03-26', '2'),
	('R', '2024-03-27', '3'),
	('R', '2024-03-29', '5'),
	('R', '2024-03-31', '3'),
	('R', '2024-04-04', '5'),
	('R', '2024-04-05', '1'),
	('R', '2024-04-15', '4'),
	('R', '2024-04-20', '1'),
	('R', '2024-04-20', '2'),
	('R', '2024-04-20', '2'),
	('R', '2024-04-21', '1'),
	('R', '2024-04-21', '5'),
	('R', '2024-04-25', '1'),
	('R', '2024-04-29', '1'),
	('R', '2024-04-29', '2'),
	('R', '2024-05-10', '5'),
	('R', '2024-05-15', '2'),
	('R', '2024-05-18', '5'),
	('R', '2024-05-19', '1'),
	('R', '2024-05-22', '3'),
	('R', '2024-06-05', '5'),
	('R', '2024-06-06', '5'),
	('R', '2024-06-10', '4'),
	('R', '2024-06-14', '3'),
	('R', '2024-06-16', '2'),
	('R', '2024-06-17', '3'),
	('R', '2024-06-23', '5'),
	('R', '2024-06-25', '2'),
	('R', '2024-06-29', '1'),
	('R', '2024-06-29', '2'),
	('R', '2024-07-01', '3'),
	('R', '2024-07-03', '2'),
	('R', '2024-07-08', '2'),
	('R', '2024-07-08', '4'),
	('R', '2024-07-10', '2'),
	('R', '2024-07-15', '1'),
	('R', '2024-07-17', '2'),
	('R', '2024-07-17', '4'),
	('R', '2024-07-24', '2'),
	('R', '2024-07-25', '3'),
	('R', '2024-07-31', '4'),
	('R', '2024-08-02', '2'),
	('R', '2024-08-03', '1'),
	('R', '2024-08-03', '4'),
	('R', '2024-08-05', '5'),
	('R', '2024-08-06', '1'),
	('R', '2024-08-09', '2'),
	('R', '2024-08-10', '5'),
	('R', '2024-08-12', '1'),
	('R', '2024-08-14', '2'),
	('R', '2024-08-16', '3'),
	('R', '2024-08-17', '2'),
	('R', '2024-08-19', '2'),
	('R', '2024-08-20', '4'),
	('R', '2024-08-24', '4'),
	('R', '2024-08-27', '4'),
	('R', '2024-08-28', '2'),
	('R', '2024-08-29', '1'),
	('R', '2024-09-06', '3'),
	('R', '2024-09-07', '5'),
	('R', '2024-09-12', '5'),
	('R', '2024-09-13', '5'),
	('R', '2024-09-14', '5'),
	('R', '2024-09-14', '5'),
	('R', '2024-09-16', '3'),
	('R', '2024-09-28', '4'),
	('R', '2024-10-05', '5'),
	('R', '2024-10-16', '5'),
	('R', '2024-10-21', '1'),
	('R', '2024-10-23', '5'),
	('R', '2024-10-24', '4'),
	('R', '2024-10-28', '5'),
	('R', '2024-10-29', '5'),
	('R', '2024-11-01', '4'),
	('R', '2024-11-03', '4'),
	('R', '2024-11-05', '1'),
	('R', '2024-11-08', '3'),
	('R', '2024-11-11', '2'),
	('R', '2024-11-14', '2'),
	('R', '2024-11-18', '1'),
	('R', '2024-11-18', '1'),
	('R', '2024-11-26', '2'),
	('R', '2024-11-26', '3'),
	('R', '2024-12-04', '1'),
	('R', '2024-12-06', '1'),
	('S', '2024-01-03', '3'),
	('S', '2024-01-13', '1'),
	('S', '2024-01-18', '5'),
	('S', '2024-01-23', '1'),
	('S', '2024-02-01', '1'),
	('S', '2024-02-02', '3'),
	('S', '2024-02-04', '4'),
	('S', '2024-02-06', '1'),
	('S', '2024-02-06', '2'),
	('S', '2024-03-02', '5'),
	('S', '2024-03-04', '1'),
	('S', '2024-03-05', '5'),
	('S', '2024-03-08', '5'),
	('S', '2024-03-09', '1'),
	('S', '2024-03-28', '1'),
	('S', '2024-03-28', '1'),
	('S', '2024-04-01', '2'),
	('S', '2024-04-05', '5'),
	('S', '2024-04-07', '5'),
	('S', '2024-04-09', '1'),
	('S', '2024-04-10', '3'),
	('S', '2024-04-10', '5'),
	('S', '2024-04-12', '4'),
	('S', '2024-04-19', '1'),
	('S', '2024-04-19', '3'),
	('S', '2024-04-19', '4'),
	('S', '2024-04-21', '3'),
	('S', '2024-04-21', '4'),
	('S', '2024-04-24', '2'),
	('S', '2024-04-25', '3'),
	('S', '2024-04-26', '2'),
	('S', '2024-04-27', '3'),
	('S', '2024-04-28', '3'),
	('S', '2024-04-30', '3'),
	('S', '2024-05-01', '3'),
	('S', '2024-05-01', '5'),
	('S', '2024-05-05', '3'),
	('S', '2024-05-07', '3'),
	('S', '2024-05-10', '2'),
	('S', '2024-05-11', '3'),
	('S', '2024-05-13', '1'),
	('S', '2024-05-24', '4'),
	('S', '2024-05-26', '2'),
	('S', '2024-06-06', '3'),
	('S', '2024-06-10', '5'),
	('S', '2024-06-11', '4'),
	('S', '2024-06-11', '4'),
	('S', '2024-06-20', '1'),
	('S', '2024-06-21', '5'),
	('S', '2024-06-24', '3'),
	('S', '2024-07-01', '4'),
	('S', '2024-07-07', '5'),
	('S', '2024-07-11', '3'),
	('S', '2024-07-20', '5'),
	('S', '2024-07-22', '2'),
	('S', '2024-07-29', '4'),
	('S', '2024-07-30', '5'),
	('S', '2024-08-02', '2'),
	('S', '2024-08-04', '2'),
	('S', '2024-08-25', '4'),
	('S', '2024-08-27', '2'),
	('S', '2024-08-30', '1'),
	('S', '2024-09-07', '2'),
	('S', '2024-09-08', '5'),
	('S', '2024-09-17', '4'),
	('S', '2024-09-19', '2'),
	('S', '2024-09-27', '5'),
	('S', '2024-09-29', '3'),
	('S', '2024-10-02', '1'),
	('S', '2024-10-04', '2'),
	('S', '2024-10-05', '3'),
	('S', '2024-10-07', '4'),
	('S', '2024-10-15', '1'),
	('S', '2024-10-15', '3'),
	('S', '2024-10-15', '4'),
	('S', '2024-10-22', '5'),
	('S', '2024-10-26', '4'),
	('S', '2024-10-27', '3'),
	('S', '2024-10-28', '1'),
	('S', '2024-10-30', '5'),
	('S', '2024-11-08', '3'),
	('S', '2024-11-10', '2'),
	('S', '2024-11-11', '5'),
	('S', '2024-11-20', '5'),
	('S', '2024-11-23', '4'),
	('S', '2024-11-26', '2'),
	('S', '2024-11-29', '3'),
	('S', '2024-11-30', '4'),
	('S', '2024-11-30', '5'),
	('S', '2024-12-01', '4'),
	('S', '2024-12-05', '5'),
	('S', '2024-12-06', '5'),
	('T', '2024-01-07', '4'),
	('T', '2024-01-14', '4'),
	('T', '2024-01-18', '4'),
	('T', '2024-01-24', '5'),
	('T', '2024-02-09', '3'),
	('T', '2024-02-11', '5'),
	('T', '2024-02-12', '3'),
	('T', '2024-02-19', '2'),
	('T', '2024-02-19', '4'),
	('T', '2024-02-26', '1'),
	('T', '2024-03-11', '1'),
	('T', '2024-03-12', '2'),
	('T', '2024-03-16', '2'),
	('T', '2024-03-17', '5'),
	('T', '2024-03-18', '4'),
	('T', '2024-03-20', '5'),
	('T', '2024-03-27', '4'),
	('T', '2024-03-31', '3'),
	('T', '2024-04-08', '2'),
	('T', '2024-04-13', '5'),
	('T', '2024-04-21', '4'),
	('T', '2024-04-21', '4'),
	('T', '2024-04-23', '2'),
	('T', '2024-04-27', '5'),
	('T', '2024-04-28', '3'),
	('T', '2024-04-29', '4'),
	('T', '2024-05-02', '5'),
	('T', '2024-05-07', '4'),
	('T', '2024-05-23', '3'),
	('T', '2024-05-23', '4'),
	('T', '2024-05-27', '4'),
	('T', '2024-05-30', '2'),
	('T', '2024-05-30', '2'),
	('T', '2024-06-01', '1'),
	('T', '2024-06-02', '1'),
	('T', '2024-06-06', '3'),
	('T', '2024-06-08', '1'),
	('T', '2024-06-08', '2'),
	('T', '2024-06-12', '3'),
	('T', '2024-06-15', '1'),
	('T', '2024-06-22', '2'),
	('T', '2024-06-22', '5'),
	('T', '2024-06-23', '4'),
	('T', '2024-06-24', '2'),
	('T', '2024-06-30', '3'),
	('T', '2024-07-05', '3'),
	('T', '2024-07-07', '4'),
	('T', '2024-07-07', '5'),
	('T', '2024-07-07', '5'),
	('T', '2024-07-08', '1'),
	('T', '2024-07-08', '4'),
	('T', '2024-07-14', '3'),
	('T', '2024-07-15', '2'),
	('T', '2024-07-20', '4'),
	('T', '2024-07-23', '4'),
	('T', '2024-07-23', '4'),
	('T', '2024-07-23', '5'),
	('T', '2024-08-01', '4'),
	('T', '2024-08-02', '1'),
	('T', '2024-08-04', '2'),
	('T', '2024-08-10', '1'),
	('T', '2024-08-17', '5'),
	('T', '2024-08-22', '3'),
	('T', '2024-08-24', '5'),
	('T', '2024-08-31', '4'),
	('T', '2024-09-04', '4'),
	('T', '2024-09-07', '4'),
	('T', '2024-09-07', '5'),
	('T', '2024-09-08', '2'),
	('T', '2024-09-12', '5'),
	('T', '2024-09-13', '5'),
	('T', '2024-09-16', '3'),
	('T', '2024-09-17', '1'),
	('T', '2024-09-21', '3'),
	('T', '2024-09-26', '4'),
	('T', '2024-09-29', '4'),
	('T', '2024-09-29', '5'),
	('T', '2024-09-30', '1'),
	('T', '2024-10-02', '2'),
	('T', '2024-10-06', '2'),
	('T', '2024-10-07', '1'),
	('T', '2024-10-07', '3'),
	('T', '2024-10-07', '4'),
	('T', '2024-10-09', '2'),
	('T', '2024-10-30', '3'),
	('T', '2024-11-05', '1'),
	('T', '2024-11-08', '1'),
	('T', '2024-11-10', '3'),
	('T', '2024-11-14', '1'),
	('T', '2024-11-18', '5'),
	('T', '2024-11-19', '1'),
	('T', '2024-12-02', '3'),
	('T', '2024-12-06', '3'),
	('U', '2024-01-03', '5'),
	('U', '2024-01-06', '1'),
	('U', '2024-01-25', '4'),
	('U', '2024-01-29', '1'),
	('U', '2024-02-01', '3'),
	('U', '2024-02-05', '4'),
	('U', '2024-02-06', '4'),
	('U', '2024-02-06', '5'),
	('U', '2024-02-09', '1'),
	('U', '2024-02-11', '2'),
	('U', '2024-02-14', '5'),
	('U', '2024-02-14', '5'),
	('U', '2024-02-17', '1'),
	('U', '2024-02-21', '1'),
	('U', '2024-02-28', '1'),
	('U', '2024-03-03', '1'),
	('U', '2024-03-06', '1'),
	('U', '2024-03-07', '3'),
	('U', '2024-03-07', '5'),
	('U', '2024-03-10', '1'),
	('U', '2024-03-14', '1'),
	('U', '2024-03-14', '2'),
	('U', '2024-03-16', '2'),
	('U', '2024-03-16', '5'),
	('U', '2024-03-17', '3'),
	('U', '2024-03-18', '5'),
	('U', '2024-03-20', '2'),
	('U', '2024-03-22', '1'),
	('U', '2024-04-03', '3'),
	('U', '2024-04-04', '3'),
	('U', '2024-04-13', '1'),
	('U', '2024-04-13', '2'),
	('U', '2024-04-14', '4'),
	('U', '2024-04-14', '5'),
	('U', '2024-04-15', '3'),
	('U', '2024-04-17', '3'),
	('U', '2024-04-18', '4'),
	('U', '2024-04-19', '5'),
	('U', '2024-04-21', '2'),
	('U', '2024-04-24', '3'),
	('U', '2024-04-26', '3'),
	('U', '2024-04-29', '1'),
	('U', '2024-05-01', '2'),
	('U', '2024-05-03', '4'),
	('U', '2024-05-04', '3'),
	('U', '2024-05-05', '5'),
	('U', '2024-05-07', '4'),
	('U', '2024-05-09', '1'),
	('U', '2024-05-12', '4'),
	('U', '2024-05-20', '1'),
	('U', '2024-05-22', '5'),
	('U', '2024-05-26', '1'),
	('U', '2024-05-29', '3'),
	('U', '2024-06-01', '2'),
	('U', '2024-06-03', '1'),
	('U', '2024-06-08', '1'),
	('U', '2024-06-10', '2'),
	('U', '2024-06-12', '1'),
	('U', '2024-06-13', '1'),
	('U', '2024-06-14', '5'),
	('U', '2024-06-24', '3'),
	('U', '2024-06-25', '4'),
	('U', '2024-06-28', '3'),
	('U', '2024-07-04', '1'),
	('U', '2024-07-16', '3'),
	('U', '2024-07-18', '2'),
	('U', '2024-07-27', '1'),
	('U', '2024-08-03', '5'),
	('U', '2024-08-06', '3'),
	('U', '2024-08-09', '4'),
	('U', '2024-08-17', '1'),
	('U', '2024-08-21', '3'),
	('U', '2024-08-21', '5'),
	('U', '2024-08-25', '1'),
	('U', '2024-08-27', '5');
INSERT INTO sales
VALUES
	('U', '2024-08-28', '4'),
	('U', '2024-08-29', '4'),
	('U', '2024-08-29', '5'),
	('U', '2024-08-31', '4'),
	('U', '2024-09-03', '3'),
	('U', '2024-09-07', '1'),
	('U', '2024-09-16', '3'),
	('U', '2024-09-19', '2'),
	('U', '2024-09-26', '5'),
	('U', '2024-09-28', '4'),
	('U', '2024-09-30', '4'),
	('U', '2024-10-05', '2'),
	('U', '2024-10-09', '1'),
	('U', '2024-10-11', '4'),
	('U', '2024-10-11', '5'),
	('U', '2024-10-15', '5'),
	('U', '2024-10-20', '4'),
	('U', '2024-10-29', '5'),
	('U', '2024-11-01', '1'),
	('U', '2024-11-07', '5'),
	('U', '2024-11-10', '2'),
	('U', '2024-11-12', '5'),
	('U', '2024-11-13', '5'),
	('U', '2024-11-21', '3');
DROP TABLE IF EXISTS menu;
CREATE TABLE menu (
	product_id INT PRIMARY KEY,
	product_name VARCHAR(11),
	price INT
);
INSERT INTO menu
VALUES
	('1', 'sushi', '10'),
	('2', 'curry', '15'),
	('3', 'ramen', '12'),
	('4', 'okononiyaki', '15'),
	('5', 'yakiniku', '20');
DROP TABLE IF EXISTS members;
CREATE TABLE members (
	customer_id VARCHAR(1) PRIMARY KEY,
	join_date DATE
);
INSERT INTO members
VALUES
	('A', '2024-08-31'),
	('B', '2024-08-02'),
	('C', '2024-08-26'),
	('D', '2024-07-23'),
	('E', '2024-07-26'),
	('F', '2024-08-27'),
	('G', '2024-07-19'),
	('H', '2024-07-16'),
	('I', '2024-07-18'),
	('J', '2024-07-18'),
	('K', '2024-07-18'),
	('L', '2024-08-03'),
	('M', '2024-07-06'),
	('O', '2024-08-21'),
	('P', '2024-07-31'),
	('Q', '2024-08-17'),
	('R', '2024-07-13'),
	('S', '2024-08-01'),
	('T', '2024-08-20'),
	('U', '2024-08-03');
ALTER TABLE sales
ADD CONSTRAINT cusomter_id FOREIGN KEY (customer_id) REFERENCES members(customer_id);
ALTER TABLE sales
ADD CONSTRAINT product_id FOREIGN KEY (product_id) REFERENCES menu(product_id);